request_id,accepter_id,incident_id,created_at
3,5,3,2024-10-07 13:00:00
3,6,3,2024-10-07 14:00:00
5,7,5,2024-10-08 10:00:00
7,9,6,2024-10-08 12:00:00
9,8,9,2024-10-08 14:00:00
11,10,11,2024-10-08 15:00:00
11,11,11,2024-10-08 16:00:00
18,42,7,2024-10-09 15:00:00
18,43,7,2024-10-09 16:00:00
20,31,11,2024-10-09 17:00:00
22,22,22,2024-10-09 19:00:00
24,36,24,2024-10-10 11:00:00
29,32,15,2024-10-10 16:00:00
31,33,31,2024-10-10 18:00:00
31,9,31,2024-10-10 19:00:00
34,34,34,2024-10-11 11:00:00
37,46,37,2024-10-11 14:00:00
37,47,37,2024-10-11 15:00:00
39,30,39,2024-10-11 16:00:00
39,35,39,2024-10-11 17:00:00
42,51,2,2024-10-11 20:00:00
42,52,2,2024-10-11 21:00:00
43,53,4,2024-10-11 22:00:00
43,54,4,2024-10-11 23:00:00
45,55,10,2024-10-12 08:00:00
46,56,27,2024-10-12 09:00:00
47,57,9,2024-10-12 10:00:00
47,58,9,2024-10-12 11:00:00
51,59,21,2024-10-12 16:00:00
52,60,22,2024-10-12 17:00:00
53,61,23,2024-10-12 18:00:00
54,62,24,2024-10-12 19:00:00
55,63,25,2024-10-12 20:00:00
56,64,26,2024-10-13 08:00:00
57,65,27,2024-10-13 09:00:00
58,66,28,2024-10-13 10:00:00
59,67,29,2024-10-13 11:00:00
60,68,30,2024-10-13 12:00:00
61,69,31,2024-10-13 13:00:00
62,70,32,2024-10-13 14:00:00
63,71,33,2024-10-13 15:00:00
64,72,34,2024-10-13 16:00:00
65,73,35,2024-10-14 08:00:00
66,74,36,2024-10-14 09:00:00
67,75,37,2024-10-14 10:00:00
68,76,38,2024-10-14 11:00:00
69,77,39,2024-10-14 12:00:00
70,78,40,2024-10-14 13:00:00
71,79,41,2024-10-15 08:00:00
72,80,42,2024-10-15 09:00:00
73,81,43,2024-10-15 10:00:00
74,82,44,2024-10-15 11:00:00
75,83,45,2024-10-15 12:00:00
76,84,46,2024-10-15 13:00:00
77,85,47,2024-10-16 08:00:00
78,86,48,2024-10-16 09:00:00
79,87,49,2024-10-16 10:00:00
80,88,50,2024-10-16 11:00:00
81,89,1,2024-10-16 12:00:00
82,90,2,2024-10-16 13:00:00
83,91,3,2024-10-16 14:00:00
84,92,4,2024-10-16 15:00:00
85,93,5,2024-10-16 16:00:00
86,94,6,2024-10-17 08:00:00
87,95,7,2024-10-17 09:00:00
88,96,8,2024-10-17 10:00:00
89,97,9,2024-10-17 11:00:00
90,98,10,2024-10-17 12:00:00
91,99,11,2024-10-17 13:00:00
92,100,12,2024-10-17 14:00:00
93,51,13,2024-10-17 15:00:00
94,52,14,2024-10-17 16:00:00
95,53,15,2024-10-17 17:00:00
96,54,16,2024-10-18 08:00:00
97,55,17,2024-10-18 09:00:00
98,56,18,2024-10-18 10:00:00
99,57,19,2024-10-18 11:00:00
100,58,20,2024-10-18 12:00:00

